,DailyRate,HourlyRate,MonthlyIncome,MonthlyRate,StockOptionLevel,PercentSalaryHike,OverTime,TrainingTimesLastYear,RemoteWork
0,684.0,51.0,19537.0,6462,0,13,No,5,Yes
1,699.0,65.0,19999.0,5678,1,14,Unknown,5,1
2,532.0,58.0,19232.0,4933,0,11,No,3,1
3,359.0,82.0,17169.0,26703,2,19,Unknown,2,False
5,117.0,58.0,17174.0,2437,1,11,No,3,Yes
6,1435.0,99.0,6463.923076923077,2354,0,11,Unknown,3,True
7,635.0,99.0,6463.923076923077,24532,0,25,No,3,0
9,840.0,64.0,6463.923076923077,3735,1,17,No,2,0
10,247.0,55.0,19973.0,20284,2,22,No,3,0
13,1360.0,49.0,19545.0,16280,0,12,No,0,False
15,1398.0,79.0,18041.0,13022,0,14,No,2,0
16,286.0,31.0,19246.0,25761,0,12,Yes,2,0
20,1238.0,74.0,10748.0,3395,1,23,Unknown,3,False
21,515.0,98.0,6463.923076923077,15146,0,12,Yes,1,True
23,202.0,33.0,16752.0,12982,1,11,Unknown,3,False
27,429.0,53.0,6463.923076923077,2323,0,11,Yes,2,0
29,803.129648241206,87.0,4001.0,12313,1,14,Yes,3,1
30,803.129648241206,81.0,10447.0,26458,1,13,Unknown,3,Yes
31,1180.0,84.0,6463.923076923077,13084,0,23,Unknown,3,Yes
32,1282.0,58.0,6463.923076923077,10735,1,11,Unknown,3,Yes
33,776.0,32.0,6463.923076923077,23016,0,14,No,2,0
35,526.0,92.0,6463.923076923077,2137,3,25,No,2,Yes
36,1034.0,80.0,16064.0,7744,1,22,Unknown,3,1
37,1403.0,47.0,3210.0,20251,1,11,Unknown,4,True
39,580.0,48.0,10475.0,23772,1,21,Yes,2,0
40,859.0,98.0,6162.0,19124,1,12,No,3,0
42,1376.0,65.96954813359528,6463.923076923077,13938,1,13,No,3,False
43,885.0,43.0,6463.923076923077,8269,0,16,Unknown,1,Yes
44,1003.0,74.0,4615.0,21029,3,23,Yes,2,0
45,1321.0,86.0,6463.923076923077,7636,2,15,No,3,1
46,803.129648241206,30.0,6463.923076923077,25796,0,20,Unknown,1,True
47,394.0,92.0,16959.0,19494,2,12,Yes,3,1
48,1372.0,42.0,6463.923076923077,15881,0,12,No,3,Yes
49,803.129648241206,65.0,6463.923076923077,24624,0,11,Yes,2,True
51,228.0,51.0,6463.923076923077,11380,1,12,No,2,Yes
53,823.0,81.0,6463.923076923077,22539,0,13,No,2,Yes
54,667.0,57.0,6463.923076923077,26236,1,21,No,2,Yes
56,573.0,79.0,6463.923076923077,15717,3,12,Unknown,3,Yes
57,803.129648241206,96.0,6463.923076923077,5549,0,14,No,2,0
59,630.0,67.0,10855.0,8552,1,11,No,2,Yes
60,803.129648241206,62.0,5914.0,9945,0,16,No,3,1
61,1063.0,72.0,6463.923076923077,23866,2,15,Yes,2,0
62,1017.0,82.0,6646.0,19368,0,13,Unknown,3,Yes
63,1296.0,65.96954813359528,6463.923076923077,5335,1,23,No,2,False
64,939.0,65.96954813359528,13973.0,4161,1,18,Yes,2,False
65,1355.0,78.0,6463.923076923077,22245,0,14,Unknown,3,Yes
66,1448.0,53.0,13320.0,11737,1,18,Unknown,2,1
67,200.0,32.0,6463.923076923077,7744,0,25,Unknown,3,Yes
68,1202.0,89.0,6463.923076923077,13888,3,20,No,0,True
72,465.0,41.0,6463.923076923077,11652,1,19,Unknown,3,Yes
73,1189.0,90.0,4735.0,9867,2,15,No,4,True
74,803.129648241206,79.0,6463.923076923077,13637,3,18,No,6,True
76,1394.0,58.0,6463.923076923077,18115,1,16,Unknown,3,0
77,161.0,42.0,6463.923076923077,15471,1,25,Yes,2,Yes
78,288.0,99.0,6463.923076923077,15830,3,19,No,3,Yes
79,682.0,37.0,13872.0,24409,0,13,Unknown,1,1
80,1354.0,45.0,6463.923076923077,5615,0,12,Unknown,6,0
82,119.0,76.0,6463.923076923077,9647,2,12,Unknown,6,1
84,452.0,81.0,19045.0,18938,0,14,Unknown,2,1
89,480.0,31.0,4306.0,4156,1,12,No,5,Yes
90,1099.0,88.0,17046.0,9314,1,15,No,2,True
91,672.0,78.0,6463.923076923077,9129,0,16,No,2,0
93,583.0,57.0,6463.923076923077,6975,1,11,Yes,3,1
95,1050.0,65.0,6463.923076923077,17970,1,13,Unknown,2,0
96,117.0,60.0,6463.923076923077,6311,1,13,Unknown,5,False
98,803.129648241206,94.0,6463.923076923077,2493,0,16,Yes,2,True
100,1440.0,55.0,2308.0,4944,1,25,Yes,4,0
101,1291.0,65.0,6463.923076923077,3525,1,24,No,3,1
102,1157.0,57.0,6463.923076923077,11912,1,14,No,3,0
103,1336.0,100.0,6463.923076923077,7129,3,13,No,3,1
105,735.0,86.0,5747.0,26496,0,15,Yes,3,False
106,803.129648241206,48.0,10422.0,24032,2,19,No,3,Yes
107,1389.0,51.0,6463.923076923077,10195,1,11,No,1,0
109,1240.0,48.0,6347.0,13982,0,19,Yes,2,0
110,194.0,60.0,2348.0,10901,1,18,No,2,Yes
111,1339.0,41.0,6463.923076923077,8053,1,12,No,2,True
112,111.0,66.0,3072.0,11012,2,11,No,4,Yes
113,803.129648241206,45.0,6463.923076923077,14074,0,17,Unknown,2,False
115,470.0,84.0,6463.923076923077,23687,1,13,Unknown,3,1
116,1232.0,96.0,8020.0,5100,2,15,Unknown,3,1
118,117.0,99.0,17068.0,5355,0,14,Unknown,3,Yes
120,672.0,54.0,19272.0,21141,1,15,Unknown,2,True
121,549.0,75.0,6463.923076923077,9278,2,14,No,3,True
122,570.0,30.0,6463.923076923077,5431,3,13,Unknown,2,Yes
124,541.0,48.0,6463.923076923077,7246,1,11,No,2,True
125,164.0,61.0,6463.923076923077,3809,2,13,Unknown,2,True
126,1117.0,83.0,6463.923076923077,9873,0,23,No,2,1
127,619.0,85.0,6463.923076923077,18659,0,11,Unknown,2,1
129,956.0,78.0,5577.0,22087,2,12,Yes,3,Yes
130,1245.0,58.0,6463.923076923077,2125,1,17,Yes,5,1
131,1397.0,42.0,2691.0,7660,1,12,No,4,Yes
132,527.0,63.0,6463.923076923077,5207,0,13,Unknown,2,0
133,213.0,49.0,6463.923076923077,25995,0,11,No,3,True
134,803.129648241206,72.0,6463.923076923077,20206,0,18,No,0,1
135,527.0,51.0,7403.0,22477,1,11,Unknown,3,0
136,882.0,65.96954813359528,6463.923076923077,6812,1,13,Unknown,2,0
137,330.0,65.0,8823.0,24608,1,18,Unknown,4,0
138,406.0,65.96954813359528,6463.923076923077,15596,1,12,No,3,0
140,481.0,44.0,6463.923076923077,2447,0,12,Unknown,2,Yes
141,669.0,97.0,6463.923076923077,25755,0,20,No,3,1
144,1062.0,96.0,6463.923076923077,17198,0,19,No,2,False
145,1099.0,88.0,18213.0,8751,1,11,No,5,True
146,177.0,37.0,13577.0,25592,1,15,Yes,3,False
147,1199.0,92.0,19190.0,17477,2,14,No,4,False
149,412.0,94.0,17123.0,17334,2,13,Yes,4,0
150,282.0,58.0,19187.0,6992,1,14,Unknown,5,True
151,770.0,84.0,6463.923076923077,17588,1,11,Unknown,2,True
152,601.0,53.0,10008.0,12023,0,14,Unknown,0,True
154,332.0,51.0,7988.0,9769,0,13,Unknown,3,False
155,1326.0,81.0,6463.923076923077,15891,0,18,No,2,1
156,748.0,74.0,6463.923076923077,16458,0,13,Unknown,3,Yes
158,790.0,40.0,6463.923076923077,7815,0,23,Yes,2,0
159,1050.0,87.0,6463.923076923077,24456,1,20,No,2,1
160,971.0,64.0,7083.0,12288,0,14,Unknown,3,0
161,1370.0,87.0,4723.0,16213,0,18,Unknown,3,True
162,750.0,46.0,3407.0,25348,2,17,Unknown,3,True
163,880.0,36.0,6463.923076923077,10414,0,24,Unknown,2,True
164,678.0,35.0,2929.0,20338,0,12,No,3,1
165,1179.0,73.0,6463.923076923077,6069,1,17,Yes,3,False
168,574.0,30.0,6463.923076923077,16873,1,17,Unknown,1,1
170,803.129648241206,37.0,6463.923076923077,14811,0,12,Unknown,2,True
171,692.0,73.0,6463.923076923077,26849,1,11,Unknown,2,True
172,310.0,72.0,6463.923076923077,3666,1,11,No,4,Yes
173,722.0,60.0,12031.0,8828,1,11,Unknown,2,Yes
176,721.0,58.0,6463.923076923077,10781,0,23,Unknown,2,Yes
178,427.0,65.96954813359528,6162.0,10877,1,22,Yes,3,1
179,852.0,55.0,5126.0,15998,2,12,Unknown,1,0
180,669.0,64.0,9619.0,13596,0,16,No,3,False
181,1334.0,63.0,6463.923076923077,19760,3,12,Yes,4,False
182,1093.0,87.0,5010.0,24301,0,16,No,0,1
184,967.0,43.0,6463.923076923077,15589,0,14,Unknown,2,1
185,465.0,56.0,6463.923076923077,4609,1,12,No,2,1
186,989.0,46.0,19033.0,6499,1,14,No,2,0
187,1195.0,65.0,6463.923076923077,20462,1,23,No,1,1
188,1045.0,32.0,10400.0,25812,0,11,No,2,0
189,829.0,88.0,6463.923076923077,20925,0,22,No,2,1
190,663.0,47.0,6463.923076923077,10056,3,14,Unknown,1,True
192,1300.0,62.0,6463.923076923077,24447,2,17,No,3,False
194,906.0,91.0,6463.923076923077,16985,1,14,Unknown,3,True
195,849.0,81.0,6463.923076923077,26707,1,17,Unknown,2,1
196,1275.0,64.0,6463.923076923077,11934,2,13,No,2,Yes
197,1218.0,52.0,19197.0,8213,1,14,Unknown,3,True
198,422.0,41.0,6463.923076923077,3854,0,11,No,5,True
199,1398.0,69.0,8412.0,2890,0,11,Unknown,3,True
200,1274.0,65.96954813359528,6463.923076923077,14394,1,25,No,6,Yes
201,1076.0,70.0,3348.0,3164,0,11,Yes,3,False
202,1207.0,74.0,6463.923076923077,3297,3,11,Yes,3,Yes
203,430.0,80.0,5309.0,21146,2,15,No,2,Yes
204,933.0,98.0,6463.923076923077,11806,1,13,Unknown,3,True
205,1184.0,43.0,7654.0,5860,2,18,No,3,0
206,803.129648241206,42.0,12808.0,8842,1,16,Unknown,3,Yes
208,890.0,81.0,6463.923076923077,19028,0,22,No,3,False
209,379.0,48.0,6463.923076923077,8891,1,14,No,3,1
210,1425.0,68.0,6586.0,4821,1,17,Unknown,2,0
213,1053.0,70.0,17099.0,13829,1,15,Unknown,2,1
214,722.0,38.0,6463.923076923077,20489,0,11,Unknown,2,0
215,248.0,42.0,6463.923076923077,14039,1,15,Yes,2,1
216,796.0,51.0,6463.923076923077,15669,0,11,Unknown,2,1
217,174.0,56.0,13120.0,11879,1,17,Unknown,3,False
219,803.129648241206,54.0,3131.0,26342,1,13,Unknown,5,False
220,977.0,56.0,6463.923076923077,9961,1,13,Unknown,2,1
223,1476.0,55.0,6674.0,16392,3,11,No,6,1
224,587.0,57.0,9852.0,8935,1,19,Yes,5,True
225,495.0,65.96954813359528,17861.0,26582,0,13,Yes,3,False
226,523.0,98.0,6463.923076923077,22455,0,13,Unknown,4,True
227,507.0,66.0,6463.923076923077,23553,0,12,Unknown,6,1
228,1055.0,76.0,6463.923076923077,22456,1,21,Unknown,3,False
229,1445.0,100.0,7446.0,8931,0,11,Unknown,2,1
231,447.0,39.0,16598.0,19764,0,12,No,2,True
232,829.0,71.0,6463.923076923077,11929,2,14,Unknown,3,1
234,674.0,47.0,4285.0,3031,0,17,Unknown,2,Yes
235,803.129648241206,40.0,10124.0,18611,1,14,Yes,3,True
236,538.0,66.0,6463.923076923077,20933,3,12,Unknown,4,1
237,740.0,64.0,9714.0,5323,1,11,No,4,Yes
238,1245.0,80.0,9924.0,12355,1,11,Unknown,3,1
239,1234.0,41.0,11245.0,20689,1,15,Unknown,3,0
241,1130.0,66.0,6463.923076923077,19332,1,12,No,2,True
242,584.0,91.0,6463.923076923077,18685,1,25,Unknown,6,Yes
244,792.0,77.0,6472.0,8989,1,15,Unknown,2,1
247,1383.0,90.0,8321.0,25949,1,13,Unknown,1,False
249,803.129648241206,92.0,6463.923076923077,22128,2,21,No,5,False
251,706.0,82.0,8578.0,19989,1,14,Unknown,4,Yes
252,728.0,36.0,6463.923076923077,7018,1,21,No,5,False
253,311.0,89.0,4197.0,18624,1,11,No,2,False
254,556.0,93.0,6463.923076923077,23888,2,13,No,2,1
255,937.0,32.0,9888.0,6770,0,21,No,3,False
257,1224.0,55.0,6463.923076923077,13586,0,11,Yes,2,0
258,119.0,77.0,13341.0,25098,0,12,No,3,0
259,444.0,92.0,5677.0,4258,1,14,No,4,1
261,803.129648241206,98.0,6463.923076923077,17231,2,18,No,3,1
263,803.129648241206,61.0,6463.923076923077,24907,1,23,No,3,True
264,1392.0,56.0,2909.0,23159,0,11,Unknown,3,Yes
268,803.129648241206,48.0,6825.0,21173,1,11,Unknown,2,False
269,655.0,48.0,6463.923076923077,9528,1,22,No,3,False
270,746.0,61.0,4424.0,20682,0,23,No,2,0
271,632.0,71.0,5441.0,8423,0,22,Unknown,2,True
272,658.0,66.0,6074.0,22887,0,24,Yes,3,True
273,1467.0,92.0,6463.923076923077,22952,1,14,No,6,False
274,1312.0,96.0,6463.923076923077,22310,3,25,No,2,False
275,750.0,95.0,6146.0,15480,1,13,Unknown,2,True
276,249.0,76.0,6172.0,20739,0,18,Unknown,3,False
277,802.0,96.0,6463.923076923077,21196,1,13,Yes,2,False
278,1355.0,61.0,6463.923076923077,8916,1,23,Unknown,3,True
279,689.0,35.0,4668.0,22812,3,17,No,2,True
280,1395.0,54.0,5605.0,8504,1,11,No,2,False
281,1436.0,34.0,6463.923076923077,16047,1,20,Yes,3,True
284,803.129648241206,65.96954813359528,6463.923076923077,4673,1,13,Unknown,5,True
285,313.0,98.0,6463.923076923077,7192,0,18,Unknown,6,False
286,894.0,99.0,6463.923076923077,11781,0,16,No,2,0
287,290.0,65.0,3564.0,22977,1,12,Yes,3,True
289,1002.0,92.0,6804.0,23793,2,15,Yes,0,0
290,1242.0,90.0,6463.923076923077,12916,0,14,Unknown,2,False
291,1052.0,57.0,6463.923076923077,16840,0,12,Unknown,2,1
292,944.0,92.0,6463.923076923077,9096,0,14,No,3,1
294,771.0,79.0,6463.923076923077,21030,0,18,Yes,2,1
296,1327.0,39.0,6463.923076923077,19682,1,18,No,0,Yes
297,488.0,75.0,6463.923076923077,14977,1,12,Yes,2,0
299,666.0,88.0,6463.923076923077,10268,1,12,Unknown,2,True
300,1315.0,71.0,6463.923076923077,19100,1,18,Unknown,6,0
301,442.0,44.0,6463.923076923077,20260,0,18,Unknown,3,True
302,147.0,37.0,6463.923076923077,15972,1,19,Unknown,4,True
303,950.0,48.0,5828.0,8450,0,12,Unknown,0,1
304,218.0,100.0,6463.923076923077,12241,1,11,Unknown,3,Yes
305,803.129648241206,33.0,2455.0,10675,0,19,No,5,Yes
306,691.0,73.0,6463.923076923077,7143,3,12,Unknown,3,True
308,803.129648241206,46.0,4682.0,4317,0,14,No,6,False
309,559.0,82.0,5257.0,6227,1,11,No,3,0
310,318.0,77.0,2119.0,4759,0,11,Unknown,4,False
311,1130.0,56.0,6463.923076923077,3415,1,18,No,3,False
314,933.0,57.0,6463.923076923077,20156,1,17,Unknown,3,True
315,1171.0,46.0,6463.923076923077,22495,1,13,Yes,3,True
316,143.0,56.0,6463.923076923077,9558,0,18,No,5,False
317,1178.0,87.0,6463.923076923077,14862,1,11,No,2,Yes
320,645.0,49.0,8392.0,19566,1,16,Unknown,2,1
323,1276.0,72.0,6463.923076923077,14295,0,12,Yes,2,False
324,163.0,37.0,4051.0,19658,1,14,No,2,True
326,426.0,58.0,2741.0,22808,1,11,Yes,2,True
327,509.0,62.0,6463.923076923077,2112,0,17,Yes,3,1
328,258.0,74.0,5337.0,19921,0,12,Unknown,3,True
329,525.0,66.0,6463.923076923077,6219,2,22,No,4,1
330,803.129648241206,72.0,6463.923076923077,19627,1,13,Unknown,3,0
331,238.0,34.0,6463.923076923077,7507,0,20,Unknown,2,False
335,806.0,76.0,6463.923076923077,18959,1,18,Unknown,5,Yes
336,1442.0,46.0,6463.923076923077,17654,0,14,Unknown,3,0
337,408.0,80.0,6463.923076923077,20978,0,11,No,4,0
338,929.0,55.0,5396.0,21703,0,12,Unknown,2,Yes
339,827.0,33.0,6463.923076923077,19383,0,13,Unknown,4,1
340,803.129648241206,65.96954813359528,6463.923076923077,6009,0,11,Unknown,3,False
342,703.0,42.0,4960.0,11825,0,12,Unknown,2,False
343,294.0,32.0,8793.0,4809,2,21,No,4,1
344,314.0,59.0,19189.0,19562,1,12,No,3,False
346,427.0,63.0,11713.0,20335,1,14,Unknown,2,False
347,501.0,99.0,5304.0,25275,1,23,No,2,True
348,803.129648241206,81.0,11103.0,20420,0,11,No,1,False
349,954.0,46.0,6632.0,12388,0,13,No,3,1
350,1434.0,76.0,7587.0,14229,0,15,Unknown,1,False
351,657.0,66.0,4335.0,25549,1,12,No,3,1
352,240.0,75.0,5980.0,26085,0,12,Unknown,2,True
354,570.0,66.0,6463.923076923077,16225,1,13,No,4,1
355,676.0,35.0,5228.0,23361,1,15,Unknown,2,False
357,436.0,37.0,6463.923076923077,21519,0,16,Unknown,3,False
360,661.0,61.0,6463.923076923077,7508,0,13,Yes,0,1
361,1085.0,57.0,6463.923076923077,17725,1,13,Yes,1,True
362,154.0,41.0,2329.0,11737,0,15,Unknown,2,0
363,1283.0,52.0,4294.0,11148,0,12,Unknown,2,Yes
365,498.0,93.0,6725.0,13554,1,12,Unknown,2,0
366,530.0,51.0,10325.0,5518,1,11,Unknown,6,0
367,805.0,57.0,4447.0,23163,0,12,Unknown,5,1
369,1229.0,84.0,6463.923076923077,25952,2,13,No,3,Yes
371,1441.0,56.0,6463.923076923077,13943,1,11,Unknown,2,True
372,153.0,73.0,6463.923076923077,17802,3,12,Yes,4,True
373,1066.0,32.0,5472.0,3334,0,12,Unknown,2,0
374,135.0,62.0,6385.0,12992,2,14,Unknown,3,1
376,1109.0,69.0,6463.923076923077,11135,0,12,No,2,1
377,124.0,38.0,7525.0,23537,1,12,Unknown,2,1
379,444.0,40.0,6463.923076923077,17323,0,15,No,3,True
380,1366.0,72.0,6463.923076923077,12355,0,12,No,2,False
381,857.0,59.0,3660.0,7909,0,13,No,4,Yes
382,1204.0,86.0,6463.923076923077,10333,0,22,Unknown,2,Yes
383,827.0,54.0,6463.923076923077,3129,0,22,No,4,1
384,1219.0,32.0,6463.923076923077,4605,1,15,Unknown,3,Yes
385,770.0,65.96954813359528,8740.0,5569,2,14,Yes,2,True
387,1082.0,83.0,6463.923076923077,11535,1,11,No,1,False
389,1308.0,44.0,6463.923076923077,17544,0,14,No,2,Yes
392,1384.0,82.0,6463.923076923077,13421,1,22,Unknown,2,True
393,819.0,44.0,6463.923076923077,19588,1,18,No,2,Yes
394,1223.0,50.0,6463.923076923077,18640,1,18,No,6,0
395,1361.0,94.0,6463.923076923077,21026,3,15,Unknown,2,1
396,1146.0,65.96954813359528,6463.923076923077,4905,1,12,No,3,1
398,853.0,49.0,3491.0,11309,3,13,Unknown,4,True
400,1316.0,38.0,6463.923076923077,2338,0,14,Yes,2,0
401,363.0,65.96954813359528,10252.0,4235,1,21,Yes,2,Yes
403,920.0,96.0,19740.0,18625,1,14,No,2,Yes
404,694.0,65.96954813359528,6463.923076923077,3423,2,14,No,2,True
405,1429.0,67.0,6463.923076923077,20002,0,12,No,6,False
406,531.0,56.0,6463.923076923077,20364,0,14,No,3,Yes
407,621.0,73.0,6463.923076923077,14075,1,11,Unknown,2,Yes
412,524.0,32.0,4534.0,13352,0,11,Unknown,6,True
413,943.0,86.0,8500.0,5494,1,11,Unknown,0,True
414,1009.0,31.0,6463.923076923077,19461,1,15,Unknown,3,True
415,607.0,83.0,4639.0,2261,1,16,No,2,1
416,817.0,60.0,5363.0,10846,1,12,No,0,0
418,803.129648241206,86.0,6463.923076923077,17491,2,13,Unknown,1,0
419,930.0,73.0,4081.0,20003,0,14,Yes,3,False
420,1147.0,31.0,6463.923076923077,16616,1,14,Unknown,5,False
421,652.0,100.0,3578.0,23577,0,12,No,2,True
422,337.0,84.0,6463.923076923077,22930,0,12,Yes,1,1
423,971.0,54.0,17328.0,5652,0,19,Unknown,3,0
424,1136.0,81.0,6463.923076923077,12414,2,13,No,4,True
427,377.0,52.0,6463.923076923077,15986,1,11,No,1,Yes
428,1038.0,95.0,10851.0,19863,1,18,Yes,2,False
429,1490.0,35.0,10466.0,20948,2,14,Unknown,3,0
430,1246.0,77.0,6463.923076923077,23757,2,14,Unknown,3,1
431,224.0,100.0,2362.0,7568,0,13,No,2,1
432,441.0,39.0,6463.923076923077,7288,1,13,No,3,1
435,607.0,78.0,6463.923076923077,14618,1,16,Unknown,4,Yes
436,1313.0,31.0,6463.923076923077,3549,1,14,Yes,4,0
437,1015.0,50.0,5769.0,23447,0,14,Unknown,3,False
438,803.129648241206,52.0,4385.0,24162,1,15,Unknown,2,0
439,426.0,42.0,6463.923076923077,17000,1,13,Unknown,3,1
441,1302.0,65.96954813359528,4066.0,16290,2,11,No,3,Yes
442,1329.0,59.0,6463.923076923077,5388,2,19,Unknown,3,1
443,602.0,37.0,6463.923076923077,10503,0,11,Yes,3,True
444,772.0,77.0,5206.0,4973,2,17,Unknown,6,False
446,803.129648241206,95.0,2655.0,11740,2,11,Unknown,3,0
447,786.0,76.0,2570.0,11925,0,20,No,5,1
448,921.0,96.0,6463.923076923077,14810,1,19,Unknown,2,1
450,717.0,34.0,6463.923076923077,9697,0,14,No,3,True
451,1370.0,49.0,6463.923076923077,5151,1,16,Unknown,3,Yes
452,1312.0,78.0,4968.0,26427,0,16,Unknown,2,False
453,979.0,94.0,6463.923076923077,3088,1,11,No,2,1
454,1283.0,62.0,5147.0,10697,0,15,No,2,True
455,953.0,65.0,2718.0,17674,0,14,No,3,1
456,244.0,97.0,3539.0,5033,0,13,No,5,False
458,303.0,84.0,5813.0,13492,0,18,Unknown,2,False
459,1180.0,90.0,6463.923076923077,24442,1,14,No,6,0
460,1092.0,64.0,9667.0,2739,0,14,No,3,False
461,261.0,66.0,6463.923076923077,10842,1,22,No,2,0
463,1422.0,92.0,5675.0,19246,1,20,Unknown,5,0
464,803.129648241206,64.0,7314.0,14011,3,21,Unknown,2,1
466,511.0,89.0,6463.923076923077,26997,0,14,No,5,False
467,1396.0,83.0,6463.923076923077,14842,1,13,No,3,1
469,803.129648241206,42.0,6463.923076923077,19255,1,12,Unknown,2,True
470,1169.0,64.0,6463.923076923077,2125,1,18,Unknown,4,0
471,1239.0,39.0,6463.923076923077,22914,1,18,No,2,1
472,157.0,95.0,6463.923076923077,20006,0,13,No,6,1
473,954.0,44.0,6463.923076923077,5099,0,14,Unknown,5,0
474,754.0,63.0,6463.923076923077,21075,0,11,Yes,4,Yes
476,697.0,40.0,6463.923076923077,26862,1,20,No,2,1
477,1395.0,48.0,5098.0,18698,0,19,No,5,1
478,501.0,95.0,6463.923076923077,21653,1,13,Yes,6,Yes
479,116.0,52.0,6463.923076923077,5340,0,13,No,2,False
481,582.0,60.0,13570.0,5640,1,23,No,3,Yes
482,704.0,95.0,6712.0,8978,2,21,No,2,False
484,613.0,42.0,9991.0,21457,1,15,Unknown,5,1
485,419.0,53.0,6463.923076923077,21293,0,11,No,4,0
487,1211.0,98.0,6463.923076923077,20445,0,21,Unknown,4,Yes
488,857.0,91.0,6463.923076923077,12888,1,13,Unknown,2,0
489,505.0,64.0,10938.0,6420,0,25,No,1,0
490,269.0,56.0,2593.0,8007,1,11,Yes,4,True
491,553.0,74.0,11878.0,23364,2,11,Unknown,2,True
492,1296.0,62.0,8095.0,18264,0,13,No,5,1
495,427.0,73.0,6463.923076923077,8861,3,15,No,2,0
496,975.0,55.0,6463.923076923077,23398,0,19,No,2,False
498,1318.0,66.0,6463.923076923077,5594,1,14,No,2,False
499,249.0,35.0,4537.0,17783,1,22,Unknown,2,Yes
500,881.0,98.0,17924.0,4544,1,11,Unknown,3,False
501,1137.0,51.0,4014.0,19170,1,25,Unknown,2,True
502,466.0,65.0,12742.0,7060,1,16,No,3,True
504,509.0,43.0,3376.0,18863,0,13,No,3,False
506,469.0,35.0,6463.923076923077,14399,1,17,No,3,False
507,994.0,87.0,6463.923076923077,15322,0,19,Unknown,4,Yes
508,433.0,37.0,6463.923076923077,6004,1,13,No,2,1
510,482.0,87.0,4249.0,2690,0,11,Unknown,3,False
511,1083.0,96.0,6549.0,3173,2,14,Unknown,2,1
512,136.0,32.0,6463.923076923077,22074,1,13,No,1,1
513,333.0,88.0,14411.0,24450,0,13,Unknown,2,0
515,1462.0,38.0,8237.0,4658,1,11,No,3,True
516,722.0,84.0,3211.0,22102,1,14,Unknown,3,True
517,803.129648241206,48.0,16704.0,17119,0,11,Unknown,2,False
519,1131.0,77.0,4774.0,23844,1,19,No,2,0
520,300.0,56.0,6463.923076923077,17312,0,11,Unknown,2,1
521,1023.0,63.0,6463.923076923077,13243,0,14,Unknown,3,True
522,153.0,49.0,6463.923076923077,12682,0,12,Yes,3,True
523,1065.0,72.0,4568.0,10034,0,20,No,2,False
525,1195.0,95.0,6499.0,22656,0,13,No,3,True
527,665.0,60.0,6463.923076923077,22673,0,19,No,1,False
528,1479.0,84.0,6397.0,26767,1,20,No,6,False
529,304.0,92.0,6463.923076923077,20750,0,16,No,1,1
530,1368.0,65.96954813359528,6463.923076923077,4386,3,11,No,4,Yes
531,828.0,77.0,6463.923076923077,8346,0,13,Yes,2,True
533,142.0,69.0,6463.923076923077,24666,1,13,No,6,0
536,1246.0,99.0,6463.923076923077,7999,1,11,No,2,False
537,254.0,83.0,3622.0,22794,1,13,Yes,3,True
538,1410.0,71.0,6463.923076923077,16673,2,20,Unknown,3,0
539,883.0,32.0,6180.0,22807,0,23,No,5,False
541,121.0,86.0,4381.0,7530,0,11,Unknown,3,1
543,1343.0,53.0,2559.0,17852,0,11,Unknown,3,0
544,827.0,84.0,5488.0,20161,1,13,Yes,2,True
545,1107.0,93.0,2514.0,26968,1,22,No,1,0
546,490.0,61.0,6463.923076923077,17940,2,14,No,2,1
550,1332.0,80.0,6463.923076923077,17089,0,12,Yes,2,False
552,465.0,74.0,3420.0,10205,1,12,No,2,True
554,1200.0,65.96954813359528,4087.0,25174,1,14,Unknown,3,True
555,977.0,45.0,6463.923076923077,25518,2,13,No,4,1
560,1328.0,76.0,6463.923076923077,4956,1,23,No,3,False
563,803.129648241206,65.96954813359528,6463.923076923077,21698,0,11,No,3,1
564,120.0,43.0,4221.0,8863,0,15,Unknown,3,Yes
565,240.0,46.0,6463.923076923077,26959,0,11,Yes,1,Yes
566,441.0,72.0,4963.0,4510,3,18,Unknown,2,Yes
567,841.0,46.0,6463.923076923077,23300,0,19,Unknown,3,False
568,1033.0,41.0,4200.0,10224,0,22,No,2,False
569,803.129648241206,75.0,6463.923076923077,23910,0,14,No,4,True
570,1452.0,53.0,6463.923076923077,17053,0,15,Unknown,5,0
571,120.0,43.0,6463.923076923077,12430,0,20,No,2,False
572,1268.0,30.0,5006.0,6319,1,11,Unknown,3,0
573,803.129648241206,37.0,6463.923076923077,5228,3,14,No,3,True
574,121.0,35.0,7639.0,24525,3,22,Unknown,3,Yes
575,803.129648241206,90.0,6463.923076923077,4381,1,12,Unknown,2,Yes
576,813.0,58.0,6463.923076923077,22149,1,13,Yes,2,False
577,307.0,71.0,6463.923076923077,11652,0,11,No,2,Yes
578,228.0,65.96954813359528,6502.0,22825,1,14,No,5,1
582,210.0,73.0,6349.0,22107,1,13,Yes,0,Yes
583,483.0,65.96954813359528,6463.923076923077,10110,0,15,Yes,3,Yes
584,921.0,98.0,6463.923076923077,17663,1,20,No,3,True
585,575.0,68.0,6380.0,6110,2,12,Yes,6,1
586,1311.0,97.0,6463.923076923077,23258,0,13,Yes,2,False
587,575.0,73.0,3102.0,6582,0,22,Unknown,2,1
589,891.0,99.0,6463.923076923077,12090,0,11,Yes,3,False
592,532.0,92.0,4556.0,12932,1,11,No,3,0
593,317.0,43.0,6463.923076923077,24793,0,20,No,2,1
594,144.0,46.0,4230.0,19225,0,15,No,2,0
598,646.0,92.0,6322.0,18089,1,12,Unknown,2,0
599,719.0,77.0,6463.923076923077,10339,0,12,Yes,2,False
600,1012.0,65.96954813359528,6463.923076923077,2373,1,12,No,3,True
601,930.0,74.0,10761.0,19239,1,12,Yes,2,False
602,1278.0,77.0,6463.923076923077,8635,0,21,Unknown,3,1
603,1222.0,48.0,6463.923076923077,14871,1,19,Unknown,2,Yes
604,1231.0,54.0,2973.0,21222,1,15,Unknown,3,False
606,462.0,68.0,6463.923076923077,7824,0,17,Unknown,6,1
608,803.129648241206,66.0,17399.0,6615,1,22,No,1,1
609,1089.0,66.0,6463.923076923077,11038,1,14,Yes,1,True
611,1240.0,63.0,6463.923076923077,12154,1,19,No,4,0
612,1262.0,35.0,16885.0,16154,0,22,No,3,1
613,439.0,70.0,6463.923076923077,8770,0,15,No,2,0
615,647.0,45.0,5155.0,2253,0,13,No,3,False
616,1097.0,96.0,2936.0,10826,0,11,Yes,4,0
617,942.0,69.0,6463.923076923077,26933,1,18,Yes,2,0
619,966.0,53.0,6463.923076923077,9659,1,17,No,2,False
620,168.0,33.0,18789.0,9946,1,14,Unknown,2,1
622,1089.0,79.0,4883.0,22845,1,18,Unknown,3,True
624,999.0,92.0,2029.0,15891,3,20,No,2,1
625,1498.0,44.0,6463.923076923077,3567,2,12,Unknown,2,False
627,1111.0,61.0,6463.923076923077,19293,0,13,Unknown,2,True
628,1485.0,71.0,6463.923076923077,3449,1,21,No,2,0
629,258.0,54.0,6463.923076923077,17363,0,13,No,2,Yes
630,1174.0,99.0,9278.0,20763,0,16,Yes,3,True
631,172.0,65.96954813359528,6463.923076923077,22604,0,16,Unknown,2,True
632,803.129648241206,42.0,4162.0,15211,2,12,Yes,3,True
634,866.0,65.96954813359528,6463.923076923077,23490,0,18,Unknown,4,Yes
636,571.0,65.96954813359528,6463.923076923077,24200,1,17,Unknown,4,1
637,676.0,86.0,6463.923076923077,21831,0,14,Unknown,3,False
638,950.0,97.0,6463.923076923077,4585,1,20,No,3,True
639,1342.0,47.0,6463.923076923077,19345,0,12,Unknown,5,1
641,118.0,84.0,6463.923076923077,11262,1,15,No,2,1
642,990.0,87.0,4876.0,5855,1,12,Unknown,0,0
643,241.0,48.0,2141.0,5348,1,12,No,3,Yes
644,803.129648241206,54.0,7756.0,14199,1,19,Unknown,6,True
645,1470.0,71.0,3936.0,9953,1,11,Unknown,2,False
647,1040.0,79.0,6842.0,26308,1,20,No,3,1
648,1320.0,93.0,3989.0,20586,0,11,Unknown,2,Yes
649,146.0,79.0,4930.0,13970,0,14,Yes,2,1
650,163.0,30.0,6463.923076923077,6670,0,20,Unknown,3,Yes
651,1153.0,40.0,3702.0,16376,1,11,No,3,True
652,185.0,91.0,2705.0,9696,1,16,Unknown,2,1
654,1297.0,65.96954813359528,2379.0,19826,0,14,Yes,3,True
655,337.0,54.0,6463.923076923077,26841,1,21,No,3,Yes
656,217.0,43.0,5487.0,10410,0,14,No,2,0
657,1064.0,42.0,6463.923076923077,13738,0,15,No,3,0
658,1351.0,66.0,2810.0,9238,0,22,No,3,True
662,1218.0,82.0,6463.923076923077,6986,0,23,No,4,False
663,1273.0,72.0,6463.923076923077,21923,2,12,No,3,0
664,1141.0,42.0,6463.923076923077,3193,2,19,No,3,0
665,1488.0,75.0,5454.0,4009,1,21,Unknown,2,False
666,653.0,50.0,6463.923076923077,5456,0,11,No,2,True
667,989.0,43.0,18740.0,16701,1,12,Unknown,2,0
668,1225.0,57.0,5473.0,24668,0,11,No,2,False
669,530.0,78.0,13503.0,14115,1,22,No,3,False
670,1217.0,60.0,13549.0,24001,1,12,No,5,False
672,142.0,65.96954813359528,6463.923076923077,13871,0,12,Unknown,3,Yes
673,1127.0,52.0,2774.0,13257,1,12,No,2,True
675,1427.0,35.0,6463.923076923077,11162,0,13,No,3,1
676,303.0,75.0,6463.923076923077,11314,1,18,No,3,0
678,702.0,65.96954813359528,6463.923076923077,12930,0,22,Unknown,2,0
680,926.0,36.0,5265.0,16439,1,16,Unknown,5,False
681,878.0,43.0,3815.0,5972,1,17,Yes,4,Yes
682,334.0,52.0,6463.923076923077,22967,0,15,Unknown,5,Yes
683,896.0,86.0,2389.0,14961,0,13,Unknown,3,1
684,1401.0,56.0,6463.923076923077,20990,1,11,No,5,0
685,675.0,85.0,4000.0,18384,2,12,No,2,1
686,1070.0,45.0,17584.0,21016,3,16,Yes,5,1
687,496.0,60.0,6463.923076923077,22722,1,13,Unknown,3,True
689,1476.0,68.0,5661.0,4824,0,19,Unknown,2,Yes
690,390.0,32.0,6463.923076923077,17056,1,13,Yes,2,True
691,1220.0,85.0,6463.923076923077,20938,0,12,Unknown,2,Yes
692,928.0,31.0,4869.0,16885,0,12,Unknown,4,0
694,746.0,61.0,4649.0,16928,1,14,Unknown,3,1
695,1046.0,100.0,10496.0,2755,0,15,No,2,False
696,1448.0,62.0,6463.923076923077,21972,0,16,Yes,4,True
698,1303.0,62.0,2768.0,8416,1,12,Unknown,3,Yes
700,635.0,32.0,6463.923076923077,15318,0,14,Unknown,3,True
701,267.0,65.96954813359528,6463.923076923077,13430,0,14,No,3,1
703,703.0,66.0,6463.923076923077,7428,2,20,Unknown,5,True
705,798.0,66.0,2187.0,5013,2,12,No,5,Yes
706,1420.0,85.0,6463.923076923077,16346,1,11,No,3,True
708,650.0,37.0,6463.923076923077,4344,1,14,No,2,True
709,141.0,44.0,6463.923076923077,18767,1,15,Unknown,3,False
710,715.0,41.0,4258.0,26589,1,18,No,3,True
711,803.129648241206,65.96954813359528,5326.0,3064,0,17,No,2,1
712,376.0,65.96954813359528,5485.0,22670,2,11,Yes,4,Yes
714,691.0,64.0,17639.0,6881,0,16,Unknown,3,0
715,932.0,43.0,6062.0,4051,1,13,Unknown,4,0
718,638.0,91.0,6463.923076923077,22162,1,12,Unknown,3,Yes
720,1265.0,95.0,6463.923076923077,23726,1,13,Yes,1,True
723,152.0,85.0,5666.0,19899,0,13,Yes,1,1
724,974.0,91.0,6463.923076923077,11005,2,14,No,2,False
725,853.0,65.96954813359528,6463.923076923077,11275,1,12,No,1,0
726,217.0,94.0,6463.923076923077,6881,1,15,Unknown,3,Yes
727,715.0,69.0,13726.0,21829,0,13,Unknown,4,0
728,1234.0,90.0,6463.923076923077,5404,1,13,No,4,0
729,788.0,36.0,6463.923076923077,8318,0,16,No,3,Yes
731,921.0,66.0,6463.923076923077,25265,2,13,No,5,0
733,803.129648241206,67.0,6463.923076923077,19911,0,17,No,2,1
735,852.0,72.0,6463.923076923077,2706,1,18,No,3,False
736,1372.0,85.0,6463.923076923077,9489,0,13,No,2,True
737,1329.0,61.0,4115.0,13192,3,19,Unknown,3,0
738,150.0,60.0,6463.923076923077,17433,1,11,Unknown,3,Yes
739,803.129648241206,79.0,6272.0,12858,1,16,No,3,True
741,1167.0,76.0,2517.0,3208,3,11,Unknown,2,Yes
742,206.0,99.0,6463.923076923077,4022,0,14,No,4,0
743,803.129648241206,66.0,6463.923076923077,4297,1,17,Unknown,2,1
744,736.0,48.0,6463.923076923077,24232,1,11,Unknown,0,1
745,322.0,59.0,6463.923076923077,9731,1,11,Unknown,3,True
746,683.0,36.0,3904.0,4050,0,12,No,2,True
747,1475.0,97.0,6463.923076923077,22710,0,20,No,2,1
748,560.0,91.0,6463.923076923077,20284,2,14,Unknown,2,True
749,803.129648241206,97.0,9204.0,23343,1,12,Unknown,3,Yes
750,803.129648241206,54.0,4373.0,17456,2,14,No,2,False
751,115.0,51.0,6463.923076923077,17485,0,11,No,4,0
752,803.129648241206,46.0,2064.0,15428,1,21,Unknown,3,False
753,507.0,97.0,6463.923076923077,24812,0,14,No,2,0
754,575.0,44.0,6463.923076923077,24152,0,13,No,2,True
755,803.129648241206,98.0,2430.0,26204,2,23,Unknown,5,True
756,888.0,71.0,6463.923076923077,14814,0,11,No,2,True
757,580.0,39.0,4877.0,20460,1,21,Unknown,5,1
758,671.0,85.0,6463.923076923077,26493,3,17,No,2,0
759,567.0,32.0,3760.0,17218,0,13,Unknown,2,0
760,311.0,77.0,2013.0,10950,0,11,Unknown,4,Yes
762,1395.0,48.0,6463.923076923077,3458,0,15,No,2,False
763,1278.0,31.0,6463.923076923077,7677,2,14,Unknown,2,1
766,371.0,80.0,6463.923076923077,3840,1,13,No,2,False
767,855.0,57.0,2766.0,8952,3,22,No,6,Yes
768,548.0,94.0,6463.923076923077,20520,2,20,No,2,True
769,429.0,99.0,6463.923076923077,11092,3,12,Yes,2,1
771,1253.0,65.0,6463.923076923077,7914,0,21,Unknown,3,Yes
774,1194.0,52.0,6513.0,9060,1,17,Unknown,3,1
776,355.0,38.0,6463.923076923077,6161,2,22,No,1,0
777,1480.0,64.0,6463.923076923077,24444,3,13,Yes,3,1
778,783.0,78.0,4284.0,13588,1,22,Unknown,2,1
779,1354.0,41.0,2226.0,6073,1,11,No,3,0
780,682.0,71.0,5561.0,15975,1,16,Unknown,2,Yes
781,1103.0,49.0,2144.0,2122,0,14,No,3,Yes
782,136.0,89.0,5373.0,6225,1,12,No,5,False
783,155.0,67.0,2897.0,22474,2,11,No,6,False
784,771.0,45.0,6463.923076923077,14120,0,12,No,2,1
785,508.0,72.0,5321.0,14284,1,11,No,1,0
786,557.0,35.0,5410.0,11189,1,17,Unknown,3,True
787,642.0,76.0,2782.0,21412,1,22,No,3,True
788,1382.0,85.0,6463.923076923077,13684,1,22,Yes,3,True
790,878.0,94.0,6463.923076923077,14255,2,12,No,3,Yes
792,374.0,50.0,4850.0,23333,0,15,No,3,1
794,287.0,62.0,6463.923076923077,8952,1,12,No,5,1
795,803.129648241206,46.0,6463.923076923077,23679,1,13,Unknown,2,0
796,803.129648241206,82.0,4404.0,10228,0,12,No,3,Yes
797,591.0,40.0,6463.923076923077,16632,1,12,No,3,0
798,670.0,65.96954813359528,6463.923076923077,15170,1,17,Unknown,1,1
799,1346.0,93.0,6463.923076923077,8758,1,11,Unknown,2,True
800,103.0,50.0,6463.923076923077,12947,0,14,Yes,4,1
801,334.0,80.0,6463.923076923077,15053,2,12,Yes,5,True
802,371.0,45.0,3944.0,4306,0,11,Yes,3,1
803,673.0,96.0,6463.923076923077,8232,1,18,No,5,1
804,699.0,83.0,2960.0,17102,0,11,No,2,1
805,803.129648241206,72.0,6463.923076923077,4681,0,22,Unknown,5,0
806,705.0,83.0,18947.0,22822,0,12,Unknown,2,0
807,1459.0,41.0,6465.0,19121,0,13,Unknown,5,0
808,803.129648241206,86.0,2683.0,3810,0,14,Unknown,2,1
809,890.0,97.0,2014.0,9687,0,13,No,3,1
810,1434.0,50.0,3441.0,11179,0,13,Yes,3,1
811,1443.0,47.0,6463.923076923077,21436,1,19,Yes,2,False
813,664.0,79.0,6463.923076923077,5868,1,13,No,2,1
814,397.0,30.0,13664.0,25258,0,13,Unknown,3,Yes
815,803.129648241206,80.0,5021.0,10425,1,22,Yes,2,Yes
816,1153.0,94.0,6463.923076923077,17736,0,15,No,2,True
817,432.0,96.0,6463.923076923077,18725,2,23,Unknown,4,True
818,1353.0,33.0,6463.923076923077,17519,1,21,No,2,1
819,489.0,65.96954813359528,6463.923076923077,25043,1,12,Unknown,3,True
820,807.0,63.0,6463.923076923077,23648,0,22,Unknown,3,True
822,1280.0,65.96954813359528,6463.923076923077,26897,2,11,No,2,True
823,957.0,72.0,4739.0,16090,0,12,Unknown,2,Yes
825,542.0,71.0,6463.923076923077,24788,1,11,Yes,2,True
826,216.0,84.0,6463.923076923077,2819,2,20,No,0,0
827,1150.0,53.0,10650.0,25150,0,15,Unknown,2,False
829,364.0,32.0,4317.0,2302,0,20,Yes,2,False
830,201.0,84.0,6463.923076923077,10415,1,14,No,3,1
832,691.0,57.0,2024.0,5970,1,18,Unknown,1,1
833,440.0,42.0,6463.923076923077,6672,1,11,No,2,Yes
834,1157.0,51.0,3058.0,13364,1,16,Unknown,3,True
835,713.0,67.0,6463.923076923077,13939,1,18,Unknown,3,1
836,803.129648241206,75.0,6463.923076923077,6319,0,12,Unknown,3,1
837,140.0,95.0,3929.0,6984,1,23,Unknown,0,Yes
838,629.0,95.0,6463.923076923077,5711,0,15,No,3,True
839,328.0,86.0,6463.923076923077,3425,1,15,Unknown,2,0
840,1084.0,65.96954813359528,6463.923076923077,26250,2,11,No,3,False
841,803.129648241206,37.0,4425.0,15986,0,11,Unknown,5,Yes
845,1151.0,63.0,6463.923076923077,14242,1,14,No,5,Yes
846,644.0,65.96954813359528,6463.923076923077,12368,1,16,No,3,1
847,1005.0,88.0,2657.0,8556,0,11,Yes,5,True
849,1147.0,52.0,5940.0,17011,1,14,Unknown,4,0
850,147.0,47.0,2622.0,13248,0,21,Unknown,3,1
851,1323.0,89.0,3212.0,3300,0,15,Unknown,3,True
854,1431.0,96.0,6463.923076923077,15417,3,14,No,1,0
856,1327.0,73.0,6463.923076923077,13523,1,12,No,3,True
857,832.0,63.0,2911.0,14776,1,13,Unknown,2,Yes
858,1199.0,77.0,6463.923076923077,5118,1,17,Unknown,1,Yes
859,916.0,82.0,6463.923076923077,23016,0,13,Yes,1,True
860,1247.0,45.0,6931.0,10732,1,14,No,2,0
861,685.0,62.0,6463.923076923077,7505,2,12,No,3,0
862,128.0,84.0,2176.0,19737,0,13,No,5,0
864,996.0,100.0,3230.0,10531,0,17,No,4,0
865,728.0,80.0,6463.923076923077,11677,2,18,Yes,2,0
866,688.0,82.0,6463.923076923077,18899,1,14,Unknown,2,False
867,1449.0,45.0,6463.923076923077,14180,1,13,Yes,2,False
868,636.0,65.96954813359528,18665.0,25594,0,11,Yes,4,True
870,889.0,53.0,6463.923076923077,11411,3,12,Unknown,3,0
871,691.0,86.0,6463.923076923077,10077,1,12,Unknown,4,1
872,106.0,62.0,6410.0,17822,0,12,No,1,False
874,723.0,85.0,4941.0,17747,0,15,No,3,False
875,1157.0,84.0,6463.923076923077,24737,0,13,Yes,4,True
876,1482.0,42.0,6463.923076923077,16375,1,11,Unknown,2,False
877,738.0,30.0,3983.0,7621,0,17,No,2,True
878,1192.0,61.0,6347.0,23177,2,16,No,2,Yes
879,1309.0,83.0,2904.0,16092,2,12,Unknown,2,0
880,544.0,52.0,2696.0,24017,1,11,Yes,5,False
881,641.0,85.0,6463.923076923077,6069,1,12,Unknown,2,0
882,756.0,99.0,2174.0,9150,0,11,Unknown,3,Yes
883,593.0,88.0,6755.0,2967,0,11,No,2,1
886,1283.0,54.0,6463.923076923077,18168,0,16,No,4,0
889,329.0,96.0,2543.0,11868,1,13,No,3,Yes
890,1362.0,67.0,5304.0,4652,0,13,Yes,3,1
891,1371.0,77.0,6463.923076923077,5915,1,12,Yes,2,True
892,201.0,65.96954813359528,6463.923076923077,20490,1,16,No,5,Yes
893,821.0,86.0,19406.0,8509,1,11,Unknown,4,0
894,1381.0,72.0,6538.0,12740,1,15,No,3,1
895,313.0,61.0,2258.0,15238,1,20,Unknown,1,True
896,1473.0,74.0,6463.923076923077,2227,0,14,Yes,3,1
897,329.0,98.0,2218.0,16193,1,12,No,3,0
899,192.0,69.0,2654.0,9655,2,21,No,3,1
901,296.0,33.0,6463.923076923077,12253,1,16,No,3,True
903,986.0,93.0,11935.0,21526,0,18,No,2,Yes
906,1125.0,94.0,6463.923076923077,11563,1,19,Unknown,3,0
907,413.0,57.0,6463.923076923077,18398,0,14,Unknown,3,True
909,1474.0,97.0,6463.923076923077,9260,1,17,No,4,Yes
910,1368.0,99.0,3894.0,9129,0,16,No,3,1
911,232.0,34.0,4262.0,22645,2,12,No,2,Yes
912,1034.0,86.0,10527.0,8984,0,11,No,3,1
913,1474.0,65.96954813359528,6463.923076923077,23914,0,12,Unknown,2,1
914,803.129648241206,38.0,2400.0,5530,2,13,No,3,0
915,538.0,54.0,3681.0,14004,0,14,No,3,False
916,622.0,81.0,6463.923076923077,5718,2,13,No,4,1
917,1236.0,40.0,6463.923076923077,17997,1,11,No,3,1
918,1112.0,50.0,6463.923076923077,26894,0,11,No,1,True
919,204.0,31.0,6463.923076923077,2912,2,18,Yes,3,True
921,1315.0,35.0,19513.0,9358,1,12,Unknown,2,Yes
922,803.129648241206,69.0,6463.923076923077,12145,0,20,Unknown,3,True
923,991.0,71.0,2659.0,17759,1,13,Yes,2,0
924,913.0,48.0,8847.0,13934,1,11,Yes,2,1
926,885.0,58.0,6463.923076923077,8544,1,16,Unknown,3,False
927,810.0,57.0,4851.0,15678,1,22,No,4,0
928,817.0,56.0,8120.0,18597,0,12,Unknown,3,Yes
930,1179.0,84.0,5405.0,11924,0,14,No,1,0
931,316.0,54.0,6463.923076923077,9983,1,15,No,2,True
932,381.0,49.0,3708.0,2104,0,14,Unknown,5,0
933,217.0,49.0,13770.0,10225,2,12,Yes,2,Yes
934,933.0,57.0,6463.923076923077,20366,0,12,Unknown,2,1
935,775.0,47.0,6463.923076923077,23683,1,18,Unknown,5,True
938,346.0,86.0,2450.0,10919,0,17,Unknown,4,False
941,575.0,71.0,6463.923076923077,5288,1,14,No,2,1
942,182.0,72.0,6463.923076923077,13551,0,16,No,2,False
943,829.0,84.0,4342.0,24008,1,19,Unknown,3,Yes
945,921.0,38.0,6463.923076923077,24375,2,21,No,2,Yes
947,1325.0,82.0,3149.0,21821,1,20,Unknown,3,Yes
948,118.0,69.0,5324.0,26507,0,15,Unknown,3,False
952,702.0,100.0,2553.0,8306,0,16,No,3,True
953,829.0,65.96954813359528,6463.923076923077,2243,1,19,Unknown,1,False
954,625.0,50.0,5933.0,5197,0,12,Unknown,2,Yes
955,803.129648241206,73.0,4403.0,9250,1,11,Unknown,3,True
957,803.129648241206,65.96954813359528,6463.923076923077,19146,2,22,Unknown,2,0
958,986.0,62.0,6463.923076923077,5044,1,24,Yes,2,False
959,803.129648241206,96.0,2022.0,16612,1,19,Unknown,3,True
960,583.0,87.0,4256.0,18154,0,12,No,1,0
962,1269.0,65.96954813359528,6463.923076923077,10778,0,17,Unknown,2,False
963,395.0,98.0,2899.0,12102,1,19,Unknown,3,1
964,341.0,48.0,6463.923076923077,23522,3,19,Yes,3,0
965,803.129648241206,33.0,5562.0,21782,1,13,Unknown,2,1
966,821.0,98.0,6463.923076923077,24252,0,14,Unknown,3,False
967,500.0,49.0,6463.923076923077,22052,0,13,Unknown,3,1
968,1454.0,65.0,6463.923076923077,13137,0,18,Yes,3,1
970,995.0,77.0,2377.0,9834,1,18,No,2,Yes
972,1198.0,100.0,2799.0,3339,0,11,Unknown,1,False
974,1219.0,86.0,6463.923076923077,6179,0,16,Unknown,3,Yes
975,335.0,46.0,6463.923076923077,10322,0,22,Yes,0,0
976,461.0,53.0,3452.0,17241,0,18,Unknown,4,0
977,1134.0,37.0,2811.0,12086,1,14,No,2,False
980,622.0,39.0,6463.923076923077,10074,1,24,Yes,2,0
981,109.0,60.0,6463.923076923077,25725,0,17,Unknown,3,True
982,277.0,97.0,4240.0,13119,0,13,No,0,Yes
984,1055.0,47.0,4227.0,4658,1,18,Unknown,2,Yes
985,802.0,45.0,3917.0,9541,1,20,No,4,0
986,265.0,79.0,4969.0,21813,0,18,No,6,Yes
987,1038.0,65.96954813359528,6463.923076923077,21437,0,19,Unknown,2,False
988,342.0,57.0,2042.0,15346,1,14,Unknown,2,1
990,430.0,40.0,6463.923076923077,21445,2,17,No,0,True
991,769.0,54.0,6463.923076923077,17205,0,14,Yes,3,1
992,1176.0,85.0,9957.0,9096,1,15,Unknown,1,0
993,1277.0,87.0,6463.923076923077,5869,3,19,Unknown,4,0
994,1091.0,65.0,6463.923076923077,15813,1,18,No,4,Yes
995,654.0,34.0,6463.923076923077,21214,1,15,No,2,1
996,895.0,50.0,2207.0,22482,1,16,No,5,Yes
997,618.0,45.0,7756.0,22266,0,17,No,1,1
998,1017.0,55.0,6463.923076923077,2993,0,20,Yes,0,False
999,970.0,30.0,6463.923076923077,13401,1,17,No,3,0
1000,984.0,70.0,2070.0,25326,0,11,Yes,6,True
1001,793.0,67.0,2791.0,21981,1,12,No,4,1
1003,1003.0,95.0,6463.923076923077,15834,0,11,No,3,1
1004,603.0,77.0,8224.0,18385,0,17,Unknown,3,False
1005,874.0,72.0,2610.0,6233,1,12,No,5,1
1006,367.0,52.0,5731.0,17171,2,13,No,2,True
1007,199.0,55.0,2539.0,7950,1,13,No,0,1
1008,803.129648241206,65.96954813359528,2376.0,26537,1,13,Unknown,2,True
1010,1457.0,83.0,6463.923076923077,20100,1,19,Yes,2,1
1013,1450.0,52.0,19081.0,10849,1,11,Unknown,2,Yes
1014,116.0,77.0,2743.0,7331,1,20,No,2,1
1019,791.0,44.0,6463.923076923077,6842,0,11,Yes,2,0
1020,735.0,66.0,6463.923076923077,6020,0,14,Yes,3,False
1022,640.0,84.0,2080.0,4732,0,11,Unknown,2,0
1023,266.0,40.0,2096.0,18830,0,18,Unknown,3,False
1024,848.0,88.0,6463.923076923077,26076,2,12,Unknown,3,1
1026,1138.0,48.0,4627.0,23631,1,12,No,6,True
1027,803.129648241206,43.0,6463.923076923077,22422,0,11,Unknown,2,1
1028,256.0,40.0,6463.923076923077,22074,0,13,No,4,1
1029,803.129648241206,54.0,2302.0,8319,0,11,Yes,2,False
1030,935.0,89.0,6463.923076923077,14669,0,12,No,4,Yes
1032,882.0,67.0,6463.923076923077,9075,3,11,Unknown,6,0
1033,329.0,88.0,6463.923076923077,6762,1,22,No,3,Yes
1035,793.0,43.0,5071.0,20392,0,20,No,3,False
1036,662.0,67.0,6463.923076923077,23288,1,18,Unknown,0,1
1038,803.129648241206,98.0,6463.923076923077,21057,2,15,Unknown,3,True
1040,1200.0,75.0,5467.0,13953,2,14,Unknown,4,0
1041,499.0,36.0,6463.923076923077,20497,3,13,Yes,3,1
1043,803.129648241206,98.0,5769.0,7100,0,11,Yes,3,1
1044,803.129648241206,51.0,2394.0,25681,0,13,Yes,2,1
1045,1462.0,94.0,3629.0,19106,0,18,No,6,True
1046,200.0,60.0,9362.0,19944,0,11,No,2,1
1047,949.0,81.0,3229.0,4910,1,11,No,2,True
1048,803.129648241206,73.0,6463.923076923077,12761,2,14,No,3,1
1050,329.0,98.0,5647.0,13494,2,13,No,3,False
1051,383.0,68.0,4400.0,15182,0,12,No,2,True
1052,1255.0,90.0,2066.0,10494,1,22,Unknown,3,True
1053,803.129648241206,90.0,6463.923076923077,5561,0,12,Unknown,5,1
1055,523.0,94.0,6463.923076923077,21081,1,13,Unknown,2,Yes
1056,1221.0,96.0,5486.0,24795,3,11,No,3,0
1057,1107.0,52.0,6463.923076923077,3072,0,15,No,0,False
1058,981.0,90.0,3162.0,7973,0,14,Unknown,5,0
1059,1495.0,96.0,6651.0,21534,1,14,No,0,1
1060,1467.0,49.0,3420.0,21158,0,13,Unknown,3,0
1061,1496.0,92.0,2909.0,15747,1,15,Unknown,3,False
1064,467.0,55.0,4898.0,11827,0,14,Unknown,5,True
1065,271.0,43.0,6463.923076923077,23070,1,25,Unknown,3,True
1066,410.0,97.0,3180.0,4668,3,13,No,3,False
1067,495.0,64.0,11244.0,21072,0,25,Unknown,5,True
1068,561.0,33.0,6463.923076923077,4156,0,12,No,2,1
1069,1142.0,72.0,4069.0,8841,0,18,Unknown,2,False
1071,1242.0,46.0,6392.0,10589,1,13,No,6,0
1072,1288.0,33.0,6463.923076923077,17799,1,12,Unknown,3,True
1073,903.0,81.0,4855.0,7653,2,11,Unknown,2,0
1074,1108.0,65.0,6463.923076923077,16530,1,12,Unknown,3,True
1075,1351.0,45.0,6463.923076923077,13008,1,17,No,3,1
1076,437.0,90.0,6463.923076923077,16379,0,12,No,5,False
1077,803.129648241206,51.0,6463.923076923077,4223,0,16,Yes,4,True
1078,977.0,45.0,6463.923076923077,12826,1,16,No,2,1
1079,1302.0,80.0,6463.923076923077,19711,1,13,Yes,3,False
1080,653.0,92.0,6463.923076923077,15332,1,14,No,3,0
1082,634.0,35.0,3312.0,18783,2,17,No,3,1
1085,546.0,97.0,3117.0,26009,0,18,No,2,0
1088,448.0,84.0,6463.923076923077,19948,0,15,Unknown,2,1
1089,365.0,89.0,15202.0,5602,1,25,No,3,1
1090,763.0,59.0,6463.923076923077,22098,2,14,Yes,2,False
1091,486.0,86.0,6463.923076923077,22490,0,17,Unknown,0,0
1092,591.0,87.0,2580.0,6297,0,13,No,0,Yes
1095,711.0,42.0,6463.923076923077,22792,2,12,No,6,Yes
1096,301.0,72.0,6463.923076923077,3498,2,16,Unknown,2,True
1097,1141.0,31.0,6463.923076923077,13251,0,19,Unknown,3,True
1098,894.0,33.0,4374.0,15411,0,15,Unknown,6,1
1099,392.0,93.0,5505.0,3921,2,14,Unknown,5,True
1100,803.129648241206,74.0,2587.0,24941,1,16,Unknown,2,1
1103,1351.0,80.0,6463.923076923077,7419,2,14,No,2,False
1104,528.0,44.0,6463.923076923077,4167,3,18,Yes,2,False
1105,1441.0,94.0,6463.923076923077,23737,1,12,No,1,True
1106,427.0,99.0,6463.923076923077,25103,1,21,Yes,2,False
1109,741.0,69.0,3477.0,18103,1,14,Unknown,2,0
1110,552.0,60.0,6463.923076923077,20794,1,19,No,4,False
1112,1456.0,96.0,6463.923076923077,8658,3,13,Yes,3,1
1113,160.0,51.0,6463.923076923077,12862,0,13,No,3,0
1114,897.0,59.0,6463.923076923077,2097,1,14,No,2,False
1117,1054.0,67.0,3445.0,6152,0,11,Unknown,5,False
1119,461.0,70.0,6294.0,23060,0,12,Yes,5,False
1123,589.0,46.0,6463.923076923077,8800,2,14,No,2,False
1124,849.0,98.0,6463.923076923077,25166,0,15,Unknown,3,False
1125,343.0,52.0,6463.923076923077,24978,0,13,No,2,1
1126,803.129648241206,85.0,6463.923076923077,15530,0,12,Unknown,3,False
1127,1125.0,65.96954813359528,6463.923076923077,8277,2,14,No,3,False
1128,1217.0,67.0,3591.0,12719,1,25,No,3,False
1129,723.0,77.0,5405.0,4244,2,20,Yes,4,Yes
1130,1216.0,87.0,6463.923076923077,21624,0,14,Unknown,3,Yes
1131,350.0,56.0,6463.923076923077,3157,3,15,Unknown,3,False
1132,207.0,64.0,2105.0,5411,0,12,Unknown,2,False
1133,280.0,43.0,6463.923076923077,10494,1,15,Unknown,2,True
1136,836.0,98.0,2662.0,7975,1,20,Unknown,2,0
1137,592.0,59.0,2062.0,19384,0,14,Unknown,2,Yes
1138,219.0,44.0,6463.923076923077,25388,0,11,Unknown,2,False
1139,967.0,85.0,6463.923076923077,14460,1,23,Unknown,2,True
1140,803.129648241206,65.96954813359528,2587.0,10261,0,16,No,3,1
1141,335.0,33.0,5507.0,16822,2,16,Unknown,1,Yes
1145,803.129648241206,44.0,5399.0,14511,0,12,No,3,Yes
1146,1251.0,32.0,6463.923076923077,3987,1,19,Unknown,1,False
1148,976.0,48.0,6463.923076923077,3995,1,13,Unknown,3,Yes
1150,1444.0,65.96954813359528,6463.923076923077,5224,1,11,Yes,2,0
1151,803.129648241206,77.0,4440.0,25198,0,19,Yes,3,False
1152,571.0,78.0,6463.923076923077,13672,0,13,No,6,1
1153,977.0,57.0,6463.923076923077,7298,1,19,Unknown,2,1
1154,1154.0,54.0,6463.923076923077,6393,1,19,No,1,1
1155,1490.0,43.0,2660.0,20232,1,11,Yes,3,True
1156,581.0,63.0,3375.0,17624,0,12,No,2,1
1157,267.0,49.0,6463.923076923077,15919,0,13,Unknown,3,False
1161,1092.0,36.0,4787.0,26124,3,14,Unknown,3,Yes
1162,529.0,78.0,6463.923076923077,11288,0,14,No,4,True
1163,1322.0,52.0,2809.0,2725,0,14,No,2,Yes
1165,410.0,39.0,10854.0,16586,1,13,Unknown,3,Yes
1166,1167.0,30.0,6463.923076923077,21378,0,18,No,2,Yes
1167,884.0,41.0,2571.0,12290,1,17,No,3,False
1168,155.0,87.0,6142.0,5174,1,20,Yes,0,0
1169,924.0,78.0,2496.0,6670,0,11,No,3,0
1170,852.0,82.0,3419.0,13072,1,14,Yes,3,Yes
1171,1082.0,87.0,2501.0,18775,0,17,No,4,True
1172,803.129648241206,100.0,6463.923076923077,19299,1,14,Unknown,2,Yes
1173,1450.0,79.0,2566.0,25326,1,15,Unknown,2,1
1174,134.0,90.0,6463.923076923077,10515,0,14,No,2,Yes
1175,635.0,73.0,6463.923076923077,7703,0,13,Unknown,2,Yes
1176,1017.0,83.0,3920.0,18697,1,14,Unknown,2,1
1179,1091.0,90.0,13964.0,17810,0,12,Yes,2,1
1180,755.0,97.0,6540.0,19394,0,19,Unknown,5,Yes
1181,253.0,43.0,2244.0,24440,1,13,No,1,False
1182,922.0,95.0,16184.0,22578,1,19,No,2,False
1183,1365.0,46.0,4233.0,11512,0,17,No,2,False
1184,306.0,100.0,6463.923076923077,5630,2,14,Unknown,4,1
1185,970.0,59.0,14814.0,13514,0,19,No,3,1
1186,970.0,96.0,6463.923076923077,7360,0,11,No,2,True
1188,1169.0,63.0,6463.923076923077,23965,1,13,Unknown,6,1
1189,1271.0,35.0,6463.923076923077,9068,0,14,Unknown,2,1
1191,1469.0,65.96954813359528,3617.0,25063,1,14,Yes,2,1
1192,625.0,46.0,6463.923076923077,14922,0,11,Unknown,2,True
1194,1391.0,66.0,2684.0,12127,1,17,Unknown,0,0
1196,1333.0,87.0,6463.923076923077,18410,1,19,Yes,2,False
1197,1464.0,62.0,19237.0,12853,1,11,Unknown,2,0
1198,1330.0,37.0,2377.0,19373,1,20,No,0,False
1201,902.0,92.0,4422.0,21203,1,13,Yes,3,1
1202,645.0,54.0,2552.0,7172,0,25,No,4,False
1203,654.0,43.0,2678.0,5050,0,17,Unknown,2,Yes
1206,326.0,48.0,5171.0,16490,0,17,No,2,False
1207,634.0,95.0,11916.0,25927,2,23,Yes,2,False
1208,1448.0,55.0,9380.0,14720,2,18,Yes,4,True
1210,1358.0,96.0,6463.923076923077,2939,2,15,Unknown,2,0
1211,803.129648241206,57.0,6463.923076923077,10036,3,14,Unknown,3,False
1212,824.0,67.0,5878.0,15624,1,12,No,2,True
1213,329.0,51.0,6463.923076923077,7324,3,17,Unknown,3,0
1214,1313.0,65.96954813359528,6463.923076923077,8191,0,12,Unknown,1,True
1215,594.0,75.0,2468.0,15963,1,14,Unknown,4,0
1216,734.0,46.0,6463.923076923077,14218,1,17,Unknown,3,1
1217,234.0,93.0,6463.923076923077,6208,1,17,Unknown,3,False
1218,766.0,83.0,4127.0,19188,1,18,Unknown,6,0
1219,920.0,69.0,2148.0,6889,0,11,Yes,3,Yes
1220,431.0,68.0,6463.923076923077,15696,1,15,No,2,False
1221,1213.0,94.0,3886.0,4223,0,21,No,2,True
1222,238.0,47.0,6463.923076923077,15318,0,14,Yes,2,0
1225,1313.0,59.0,6463.923076923077,20439,3,12,Unknown,2,0
1226,1373.0,92.0,2090.0,2396,0,15,Yes,3,True
1227,1324.0,81.0,6463.923076923077,9964,3,20,Unknown,3,True
1230,391.0,96.0,6463.923076923077,19281,0,14,No,6,Yes
1231,125.0,83.0,6463.923076923077,16117,0,13,Unknown,5,0
1232,895.0,56.0,2086.0,3335,1,14,No,6,True
1234,803.129648241206,75.0,1951.0,10910,1,12,Unknown,3,1
1235,1240.0,33.0,6463.923076923077,19715,1,13,Unknown,6,False
1236,1357.0,48.0,6463.923076923077,10558,0,12,Unknown,2,0
1239,626.0,98.0,6463.923076923077,19294,0,13,Unknown,2,False
1240,1097.0,79.0,6463.923076923077,8302,1,13,Yes,3,True
1241,836.0,65.96954813359528,6463.923076923077,19730,3,14,Yes,2,Yes
1244,132.0,55.0,3038.0,22002,0,12,No,3,1
1246,111.0,70.0,6463.923076923077,18092,1,14,Unknown,4,Yes
1247,541.0,62.0,2322.0,9518,1,13,No,3,0
1249,871.0,66.0,2926.0,19783,0,18,Yes,5,False
1250,1040.0,100.0,6463.923076923077,15850,1,14,No,2,0
1251,803.129648241206,59.0,6463.923076923077,23785,0,15,No,5,False
1253,922.0,39.0,2835.0,2561,1,22,Unknown,2,0
1254,528.0,65.96954813359528,6463.923076923077,26820,0,19,Yes,2,Yes
1255,803.129648241206,94.0,6463.923076923077,6961,1,21,Unknown,2,True
1256,803.129648241206,79.0,6463.923076923077,16102,0,14,No,3,0
1257,1169.0,34.0,6463.923076923077,13983,0,17,No,2,Yes
1258,1145.0,75.0,6463.923076923077,11873,1,20,Yes,3,0
1260,303.0,65.96954813359528,6463.923076923077,9241,0,22,Unknown,3,Yes
1262,1261.0,65.96954813359528,6553.0,7259,0,14,Unknown,3,False
1263,1180.0,70.0,6673.0,11354,0,19,Yes,2,0
1265,142.0,70.0,2177.0,8456,1,17,Unknown,6,Yes
1266,854.0,68.0,19517.0,24118,1,11,No,3,False
1267,1411.0,36.0,6463.923076923077,19877,2,16,Unknown,2,1
1269,504.0,61.0,10048.0,22573,2,11,No,5,1
1271,529.0,79.0,6463.923076923077,14935,0,11,Unknown,5,False
1273,1463.0,64.0,6463.923076923077,14408,1,21,No,2,True
1275,920.0,43.0,3161.0,19920,1,22,Yes,0,Yes
1276,506.0,30.0,6463.923076923077,26285,0,12,Unknown,2,Yes
1278,566.0,81.0,6463.923076923077,7122,2,18,No,2,True
1280,1162.0,41.0,5238.0,17778,0,18,Yes,3,True
1283,810.0,44.0,15992.0,15901,0,14,No,2,0
1284,1062.0,75.0,2370.0,3956,1,13,No,4,True
1285,530.0,91.0,6463.923076923077,23978,1,21,Unknown,3,Yes
1286,1332.0,98.0,6781.0,17078,0,23,Unknown,6,0
1287,845.0,45.0,6653.0,15276,0,15,Unknown,6,1
1288,350.0,34.0,2851.0,9150,0,13,Unknown,2,False
1289,1144.0,30.0,5258.0,16044,0,14,Unknown,2,True
1290,156.0,90.0,6463.923076923077,25422,0,15,Unknown,0,0
1291,202.0,72.0,2476.0,17434,1,18,Unknown,3,Yes
1292,464.0,40.0,2285.0,3427,0,23,Yes,4,False
1293,1305.0,49.0,4197.0,21123,0,12,Unknown,2,True
1296,1490.0,42.0,1702.0,12106,1,23,Yes,3,False
1297,489.0,65.96954813359528,2564.0,18437,0,12,No,3,True
1298,210.0,56.0,6463.923076923077,22102,1,12,No,3,Yes
1302,1306.0,69.0,1878.0,8059,0,14,Yes,3,0
1303,1094.0,58.0,6463.923076923077,11373,1,15,No,2,True
1305,471.0,66.0,2340.0,23213,0,18,Yes,3,Yes
1307,823.0,94.0,2127.0,9100,1,21,No,2,Yes
1308,448.0,74.0,2033.0,14470,1,18,No,2,True
1309,558.0,75.0,9602.0,3010,1,11,Unknown,3,0
1310,959.0,83.0,6463.923076923077,11757,0,13,No,0,Yes
1311,782.0,50.0,16627.0,2671,1,14,Unknown,3,0
1312,362.0,65.96954813359528,6463.923076923077,14561,0,17,No,3,1
1315,803.129648241206,62.0,6463.923076923077,3487,1,14,No,5,0
1316,1362.0,32.0,1009.0,26999,0,11,Unknown,5,1
1317,727.0,41.0,6463.923076923077,16900,2,18,No,3,0
1318,1225.0,80.0,6463.923076923077,15232,0,17,No,2,Yes
1319,168.0,81.0,7861.0,15397,0,14,Yes,4,1
1320,1396.0,65.96954813359528,2642.0,2755,0,11,No,6,0
1322,268.0,92.0,6463.923076923077,20471,1,13,Yes,0,Yes
1323,167.0,32.0,5121.0,4187,1,14,No,3,1
1324,1243.0,65.96954813359528,6463.923076923077,3445,2,21,Yes,2,False
1325,1092.0,60.0,2694.0,26551,3,11,No,4,False
1326,805.0,36.0,6463.923076923077,6689,1,11,Unknown,1,1
1327,720.0,51.0,5094.0,11983,0,14,No,6,1
1328,803.129648241206,52.0,6463.923076923077,20234,0,24,Unknown,4,1
1329,252.0,95.0,2274.0,6153,0,14,No,3,True
1333,868.0,73.0,6463.923076923077,22789,1,14,Unknown,3,Yes
1334,1252.0,32.0,6463.923076923077,4814,0,13,Yes,2,False
1335,374.0,87.0,6463.923076923077,18016,0,24,Unknown,2,1
1336,781.0,57.0,2380.0,13384,1,14,Unknown,3,True
1338,1427.0,65.0,6463.923076923077,8870,0,19,No,3,False
1339,546.0,83.0,2008.0,6896,2,14,No,3,Yes
1340,1272.0,37.0,10552.0,9255,1,13,Unknown,3,False
1341,803.129648241206,51.0,2259.0,5543,2,17,Unknown,2,0
1342,1184.0,70.0,6463.923076923077,3974,0,20,No,3,True
1343,867.0,36.0,2413.0,18798,3,18,Yes,2,False
1344,658.0,67.0,6463.923076923077,20652,1,12,No,2,1
1345,419.0,37.0,2121.0,9947,0,13,Yes,3,False
1349,1479.0,100.0,13194.0,17071,0,16,Unknown,2,1
1350,906.0,92.0,6463.923076923077,11479,0,20,Yes,5,1
1351,955.0,83.0,4163.0,8571,0,17,Yes,0,0
1352,287.0,73.0,6463.923076923077,13493,0,15,No,2,True
1354,265.0,90.0,18303.0,7770,0,13,No,3,Yes
1356,1141.0,61.0,4777.0,14382,0,15,No,2,1
1358,660.0,81.0,6463.923076923077,7858,1,14,Unknown,3,True
1359,1144.0,74.0,1052.0,23384,0,22,No,5,1
1360,415.0,65.96954813359528,6463.923076923077,5268,1,13,No,5,1
1361,1334.0,36.0,6463.923076923077,17258,0,13,No,6,Yes
1362,1323.0,34.0,2461.0,10332,3,12,Unknown,2,0
1363,309.0,88.0,6463.923076923077,24223,3,14,Yes,5,0
1364,1009.0,45.0,2596.0,7160,2,15,No,2,0
1365,803.129648241206,81.0,4728.0,17251,0,14,Yes,4,True
1366,697.0,40.0,6463.923076923077,22478,3,17,No,2,1
1367,130.0,32.0,7351.0,20619,0,16,No,2,Yes
1369,247.0,80.0,6463.923076923077,13556,0,12,No,0,Yes
1370,167.0,46.0,4766.0,9051,1,11,Yes,4,0
1371,982.0,58.0,2258.0,16340,1,12,No,2,1
1372,862.0,76.0,2827.0,14947,3,12,Unknown,3,True
1374,111.0,74.0,2290.0,4279,0,13,No,3,Yes
1375,906.0,95.0,2107.0,20293,1,17,No,2,1
1378,458.0,60.0,13191.0,23281,0,17,Yes,6,False
1379,1098.0,85.0,6463.923076923077,12124,1,13,Unknown,2,True
1380,969.0,76.0,6463.923076923077,16620,0,11,Unknown,4,True
1381,1329.0,82.0,6463.923076923077,4204,2,11,Unknown,2,Yes
1382,715.0,76.0,18265.0,8733,0,12,No,3,True
1384,265.0,57.0,6463.923076923077,21221,0,12,Unknown,2,Yes
1385,373.0,47.0,6463.923076923077,16901,1,22,No,2,False
1386,599.0,73.0,1118.0,8040,0,14,Yes,4,1
1389,364.0,65.96954813359528,18061.0,13035,0,22,Unknown,4,0
1390,1291.0,98.0,6463.923076923077,6527,1,14,Unknown,4,1
1391,1124.0,97.0,1611.0,19305,0,15,Unknown,5,0
1392,703.0,90.0,6463.923076923077,11882,0,14,No,3,Yes
1393,803.129648241206,50.0,6463.923076923077,16154,0,12,Unknown,3,0
1394,202.0,34.0,6463.923076923077,22262,0,12,Unknown,3,False
1395,1377.0,91.0,6463.923076923077,7679,0,14,Unknown,3,0
1396,592.0,54.0,6463.923076923077,17181,0,23,Yes,2,1
1397,383.0,79.0,4768.0,9282,1,12,Unknown,4,False
1398,990.0,65.96954813359528,1274.0,7152,2,13,Unknown,2,False
1400,381.0,89.0,6463.923076923077,16998,0,11,Unknown,2,False
1402,289.0,65.96954813359528,2561.0,5355,0,11,No,2,True
1404,516.0,69.0,6388.0,22049,0,17,Unknown,6,Yes
1405,1089.0,32.0,8376.0,9150,0,18,Unknown,3,False
1406,1210.0,68.0,4841.0,24052,1,14,Unknown,3,True
1407,598.0,91.0,6463.923076923077,22376,2,18,No,2,0
1408,992.0,68.0,6463.923076923077,21731,0,19,No,3,0
1410,479.0,35.0,2972.0,22061,0,13,Unknown,4,0
1411,474.0,89.0,6463.923076923077,11133,0,21,Unknown,5,True
1413,264.0,59.0,6463.923076923077,19519,1,16,Yes,2,False
1415,1349.0,63.0,2690.0,7713,1,18,No,5,0
1416,563.0,56.0,17567.0,3156,0,15,Unknown,5,0
1417,544.0,70.0,1569.0,18420,0,12,Yes,2,True
1418,991.0,43.0,4187.0,3356,1,13,Yes,3,True
1419,1112.0,67.0,6463.923076923077,22589,2,11,No,2,Yes
1420,1206.0,80.0,6463.923076923077,11591,0,16,Unknown,2,True
1423,803.129648241206,92.0,10883.0,20467,1,20,No,2,0
1424,240.0,58.0,6463.923076923077,11585,1,11,No,2,Yes
1425,369.0,92.0,6463.923076923077,5041,1,16,Yes,3,True
1427,543.0,87.0,6463.923076923077,3536,1,11,No,3,True
1429,176.0,56.0,9756.0,6595,2,21,Unknown,2,Yes
1430,181.0,97.0,6463.923076923077,5586,3,14,Yes,3,0
1431,211.0,74.0,6463.923076923077,10092,0,20,Yes,2,True
1432,1079.0,70.0,6463.923076923077,19002,3,13,Unknown,2,True
1434,305.0,58.0,5294.0,9128,1,16,No,3,False
1435,833.0,60.0,6463.923076923077,24539,1,16,Unknown,2,1
1439,1294.0,79.0,6463.923076923077,15999,0,17,Yes,6,Yes
1442,1431.0,33.0,6463.923076923077,8018,0,16,Unknown,4,True
1443,359.0,89.0,2956.0,21495,0,17,No,4,True
1444,430.0,73.0,6463.923076923077,19573,1,22,Yes,2,Yes
1445,1318.0,79.0,4648.0,26075,0,13,Unknown,2,1
1447,1142.0,65.96954813359528,6463.923076923077,13624,0,13,No,3,Yes
1448,352.0,87.0,2804.0,15434,0,11,No,3,Yes
1450,1172.0,78.0,2856.0,3692,1,19,No,3,1
1451,945.0,89.0,6463.923076923077,16019,0,13,Unknown,3,False
1453,482.0,90.0,2933.0,14908,1,13,Yes,3,0
1454,170.0,78.0,6463.923076923077,9364,1,15,Unknown,5,True
1455,746.0,45.0,1091.0,10642,0,17,No,3,1
1456,1475.0,84.0,6463.923076923077,23352,0,11,Yes,0,Yes
1457,1443.0,89.0,6463.923076923077,20328,1,16,Unknown,3,Yes
1458,867.0,87.0,5151.0,12315,1,25,No,3,True
1459,605.0,72.0,6463.923076923077,11761,1,13,Yes,2,Yes
1460,419.0,77.0,6463.923076923077,2900,2,12,Unknown,4,False
1461,1337.0,58.0,2863.0,19555,0,12,No,2,False
1462,1404.0,59.0,2858.0,11473,0,14,Unknown,3,1
1463,1373.0,56.0,6463.923076923077,10138,0,24,No,1,True
1464,1276.0,59.0,1129.0,17536,3,11,Unknown,4,Yes
1466,543.0,83.0,6463.923076923077,4060,2,19,No,3,True
1468,638.0,33.0,6463.923076923077,26956,1,19,No,3,False
1469,1146.0,31.0,6463.923076923077,16642,0,16,Yes,2,0
